-1.3541,-0.17594,-0.83473,-0.67443,-1.6353,-0.62393,-0.21634,-1.1335,0.11436,-0.4304,1.1892,0.20624,1.8741,0.50631,1.5571,0.32972,1.24,1.8014,3.9541,2.0354,3.076,2.7818,0.015965
0.23752,1.2723,-0.59526,-1.3547,-0.5314,-0.61676,-0.68062,0.94323,0.83278,0.82268,-0.98591,0.61839,0.30822,0.21764,1.2531,-0.28411,0.85656,0.26098,0.54541,-0.60569,-1.6242,0.87057,0.34504
-0.78879,-1.4365,-2.3292,1.2602,-2.2621,2.7665,0.17366,1.6294,-1.1807,2.7433,2.7456,1.0928,0.23719,1.7571,2.6293,-0.045614,1.3134,2.355,0.64869,-0.57278,4.4724,0.029649,0.016291
1.4163,1.2339,0.17007,-1.4756,-0.18669,-0.97516,0.0045614,0.63664,-1.2329,0.40271,0.13391,0.069398,0.022481,-0.8494,-0.34601,0.72624,-0.6109,-0.94551,-1.3762,-0.90055,-0.58158,0.57278,-0.00097744
0.90413,0.58255,0.8494,0.64348,1.0967,0.81518,0.25576,0.20885,-1.7043,0.071679,-1.1964,-0.83408,-0.60666,-1.4997,0.89305,1.8972,-1.0218,-0.92792,-0.30692,0.38479,0.12446,0.032256,0.61057
0.84972,1.1104,1.0084,0.72168,-0.19744,-1.5619,0.42291,-1.7411,0.40922,0.89208,0.75198,1.2528,-0.32809,0.50371,1.9441,0.26619,1.2195,1.2674,-0.52293,-1.2348,-0.091554,0.22742,0.15509
0.1085,1.3893,-1.5707,0.25544,-0.22546,-0.64902,-0.51153,1.8509,1.0889,0.65521,2.3517,1.214,2.1895,-0.85526,-0.17659,0.24175,-1.4196,-0.52879,-0.1111,0.55225,-0.088947,-0.40368,-0.21308
-0.15281,1.1361,0.24306,0.060275,-1.0286,-1.2251,-0.42747,0.21895,-1.3,-0.85559,0.69626,0.12413,0.61057,-0.11632,0.77315,-1.1231,1.1651,1.0683,1.5554,0.1186,0.14662,-0.751,-0.73797
0.56659,0.95626,-1.1302,-0.72722,-0.18832,0.66205,0.088295,-1.3687,-0.44408,-0.53596,-0.04822,0.22546,-2.1637,-0.18669,-0.05604,1.272,-1.4072,0.46852,-0.10133,-0.6399,1.7099,-0.77511,0.2613
-0.50827,0.52391,0.01401,-0.39554,-0.33982,-0.73699,0.0039098,-0.21373,0.64902,-0.92335,0.7611,0.24012,0.59037,-0.4897,-0.63371,-0.29193,-0.76729,-0.30235,-0.97353,-0.47406,-0.69594,0.1111,-0.26261
2.0324,1.7363,-1.8334,-0.13521,0.23361,-1.0139,-1.1847,-0.18734,0.71255,-0.51088,0.13977,-0.94421,-0.20331,-0.42519,2.6261,2.2256,-0.4506,-0.46135,-0.34341,0.59819,-0.23882,-0.89533,0.90609
0.16421,0.056366,-0.083734,-0.22644,-0.41867,-0.19809,-0.79401,0.78977,-0.43007,-0.23068,-0.57408,-0.38511,0.73927,-1.1081,0.2196,2.0226,1.5893,1.6212,1.3208,-0.11501,0.3522,-0.082105,0.78782
0.046265,-1.5144,1.0592,2.745,0.22123,-1.0631,2.0096,-2.441,-2.2132,-0.52032,-0.054085,-1.3854,-0.85298,0.61057,-2.4394,-0.13098,-0.1085,-0.7031,3.2194,0.0094486,0.36002,-1.4688,0.70962
0.74481,1.143,-0.44539,-0.51641,-0.030626,0.9025,1.027,2.0445,-0.66629,-1.258,0.58418,-0.95072,-0.33037,-0.91586,-0.48839,1.4349,2.6694,2.9405,0.83082,-0.5806,-0.30561,-0.71874,-0.83929
-0.19907,-0.27727,0.78097,-0.8696,0.79727,-0.21243,-0.34341,-1.705,-1.2541,-1.5922,0.4506,0.63045,0.67802,0.46428,-0.72819,1.9881,1.0429,0.89729,-1.0019,-1.6871,-0.0013033,-0.69561,1.082
-1.4059,-0.21406,0.27564,-0.83636,0.079824,-1.8816,-0.30235,0.53824,-0.66498,-0.79466,0.17626,-1.1452,0.11566,-0.24957,-0.61937,-0.16616,0.049849,1.2319,0.56072,0.49035,-0.2398,-1.2811,-0.81681
-1.9923,-0.57734,-0.80052,-0.70799,0.75914,0.41183,0.043007,0.29779,0.48937,-0.097092,0.17659,0.072331,1.3557,1.3107,1.3479,0.57832,0.20917,0.61123,0.72787,-0.82691,-0.24534,1.6773,1.0885
-1.8334,-8.666,-1.8904,-5.0019,9.0563,-3.3015,-3.7947,-7.3347,-7.3517,1.1772,6.6922,1.9809,-7.3034,10.676,7.4077,10.163,-0.85265,-4.4825,-4.4812,-0.78521,-2.5316,3.2005,1.9223
-2.1393,-0.38283,0.41313,0.71679,-0.62263,-0.48872,0.59428,2.0008,0.39065,-1.01,1.2945,-0.54052,-0.14271,-0.31343,-0.26782,0.27564,0.55291,-0.63794,0.12218,1.7343,0.28574,2.6883,0.47666
1.4443,2.3566,0.45093,-0.9504,-1.6731,-1.6463,0.25348,-0.039098,-0.76403,-0.62198,-0.014336,1.6421,0.14173,-0.065814,0.43692,0.0029323,-0.048546,1.0084,-1.3626,-0.88817,0.075589,-1.4733,-1.3023
0.44148,0.89045,0.72754,0.87188,-0.8898,0.016942,-0.091879,-1.3153,-0.64511,1.1697,0.6601,1.0801,0.22449,-0.80769,0.17626,0.91782,-2.9499,0.42453,0.81323,-0.95366,1.1296,1.5248,-0.056366
-0.74188,0.7005,1.025,-0.048546,0.52651,-0.50892,-0.61709,-0.37469,-0.97711,-0.7699,0.80313,0.035514,-0.21178,0.48025,-0.0032581,0.14499,0.22481,1.3371,-0.67671,-0.70604,1.5222,-0.067443,0.9227
-1.1879,0.28704,-0.51935,-0.56724,0.5389,-0.037143,-0.40857,-0.30626,0.88035,0.26814,0.20787,-0.3408,-1.5141,-0.42844,-0.20038,-0.13619,0.29356,1.1329,-0.6917,0.044636,-1.4776,-1.0029,-0.36002
-0.19972,-0.13717,0.78684,0.35416,-2.7029,-0.22611,1.399,1.2211,1.373,-0.3825,1.3238,1.5457,-0.15444,-0.28085,-1.5593,1.0801,-0.11143,1.1302,-0.19809,-0.78945,1.4821,0.29421,0.10947
-0.26945,1.0693,-2.0106,-0.5415,-0.76729,-0.053759,1.055,-1.5535,-0.66857,-0.11794,1.1329,0.80443,0.49915,-0.17398,-1.1557,-0.28672,-0.96115,-0.1186,0.42519,-0.089273,0.14173,0.20657,-0.75263
2.2973,0.86047,-2.9274,-4.3734,-0.84679,-0.029649,-1.0983,1.1218,2.2563,1.1938,2.4521,0.044311,2.0477,0.039749,1.1948,1.0507,1.0595,-0.88882,1.8369,0.90348,0.93671,1.1394,2.5299
-1.0573,-0.95137,-1.8949,-1.6711,2.2348,-0.77641,-1.4499,-0.5718,1.3912,-1.3368,1.5919,-0.21471,1.2042,0.51316,1.1016,0.053433,0.00065163,0.16812,-1.2026,-0.58744,0.062556,-1.3248,0.077544
-3.1926,-0.28118,-1.0938,-1.3264,-0.92107,-0.84874,-1.8666,0.69496,1.8825,1.312,1.1957,-0.19777,-0.65163,1.4763,1.2003,0.37045,0.11371,0.94518,-0.12446,-1.6467,-0.22058,-1.4196,0.58321
-1.0214,0.64772,-1.8724,0.58223,1.0599,-0.03812,-1.6304,-0.91847,-0.54346,-0.21439,0.852,1.4261,2.5234,-0.96473,-0.42747,0.16095,-0.60504,-1.1749,-0.26489,-1.3707,-2.7215,0.26326,0.021829
-0.83376,0.68323,-0.42551,-0.36915,0.29844,0.47699,0.81649,0.96082,-0.93867,1.1843,-0.55062,-0.90446,-0.98461,-0.14108,0.55421,1.9634,-1.027,-0.21862,1.8389,-1.2501,-0.6728,0.67965,0.6601
0.0101,0.43529,-0.73015,-0.15053,-0.043985,-0.55388,0.5806,0.47764,-0.69105,-1.5769,0.75035,-0.12674,0.56887,-0.36621,-0.21927,1.8184,-1.7121,-1.4271,-0.22286,-1.4333,-1.5766,-1.3515,-0.32549
-0.64316,0.54476,1.3384,0.62491,-0.13326,-0.63403,1.3287,-0.0202,1.6698,0.64641,-0.10817,1.1905,0.28737,0.34764,0.92857,-0.46754,0.069398,0.36915,-0.73569,-0.87644,2.2256,-0.42453,-0.54802
-0.37208,0.23263,0.16877,-0.66042,-1.4013,-0.21504,0.93052,1.33,-0.61611,-0.91814,0.42942,-0.35351,-0.10361,-1.1531,0.1199,0.88491,-1.2622,1.6284,0.96376,0.2701,0.50012,-0.20005,-0.71516
0.57441,0.75654,-0.24566,-1.1573,-1.097,-0.23133,-0.65488,-0.70115,0.19321,0.95919,1.2612,0.7409,-1.0654,0.21895,0.75198,-0.43073,1.14,1.6796,-0.57604,-1.2378,0.78456,0.26098,-1.0214
-1.4023,1.0416,0.45516,-0.44506,1.1755,1.2762,0.60666,2.122,-0.61611,0.043659,0.78945,-0.92629,0.54378,0.57506,-0.38674,-0.15118,-0.4708,0.82626,-0.37436,0.79889,-0.45223,-1.5532,1.0462
-0.33298,1.2651,1.0146,-0.082105,-0.91684,-1.3313,0.63501,-0.020526,-1.8024,-1.098,1.3003,-0.24697,0.83213,-0.59852,-0.90283,0.074937,1.315,1.9428,-0.8015,-0.77348,0.35644,-1.7382,-2.0174
1.2645,2.7482,-1.2941,8.4125,2.5739,-1.9409,-2.3012,-1.3821,-0.49491,-0.22677,-0.86373,-1.5584,-3.2073,3.0705,-0.12967,-1.4326,-4.8015,-6.0504,-4.0613,-2.4931,2.1178,1.9308,3.9326
-2.5013,-1.1508,0.65097,-0.31213,-0.070376,-0.11175,-0.25642,1.6304,-0.32027,-0.044962,0.67443,-2.5368,1.4684,-0.23784,0.36556,0.70082,0.49458,-0.069072,0.64804,0.039423,1.1436,0.36719,0.25707
-0.28085,0.49849,-0.97842,-1.5385,-2.2413,2.3472,-1.2808,2.8251,-0.83734,2.6655,4.5037,2.1269,2.5697,0.28639,1.7428,-0.078521,-0.18441,-0.066466,2.2224,-0.65521,1.3111,1.3336,0.59982
0.71353,0.56561,-0.086015,-1.4854,1.8324,-1.1436,1.0374,-1.5281,0.28118,1.2407,0.96929,-0.40238,1.6975,0.88947,1.042,-0.94225,1.7229,-0.18083,-1.2433,-1.6933,-0.69203,-0.66205,-0.99373
0.23784,-1.5437,0.65684,-0.18376,-0.91814,-0.11306,-0.30529,-0.98917,-0.013358,-0.29486,1.2449,2.4768,-0.26098,0.55714,-0.87285,-1.3743,0.9934,1.4059,1.4554,3.1053,0.98624,-0.15672,0.61872
0.6891,0.28053,-0.1515,0.18343,0.49849,0.093183,0.63077,0.26358,-0.27499,1.5189,0.020526,-0.1919,1.3974,-0.49524,0.23784,0.47862,-0.053759,0.62621,-0.12479,0.59103,-0.77413,1.5779,0.89599
0.24241,0.88882,0.71842,-0.51283,-0.74904,-0.56757,1.3212,0.44017,-0.022807,0.97223,-0.69594,-0.48839,0.0065163,-0.21569,0.88817,-1.5968,0.33103,0.43007,-0.17464,-0.04203,-0.094812,-0.089599,-1.2446
0.80476,1.1315,-0.94649,0.19223,1.3896,0.48579,0.29975,-1.703,-0.3219,-0.88295,0.36915,1.1456,1.59,0.33363,0.18278,0.087318,0.67378,-0.39456,0.84972,0.91032,0.44115,-0.62947,-0.54411
0.48351,0.98982,1.7493,-0.75263,-1.4378,0.5415,1.1065,-0.90706,-1.2296,-0.091228,0.19418,0.097092,-0.47438,0.13749,-0.31767,-1.1188,0.55453,-0.57832,0.22742,-0.71125,0.61025,-0.41476,-1.3749
-0.2323,0.12674,-0.65097,-1.042,-0.79564,0.52032,-1.1557,-0.14108,-0.086341,-0.77022,1.5727,0.94942,0.35611,1.2058,0.48611,0.2007,0.4203,-0.50045,0.44115,-0.18115,0.9416,2.7665,1.7747
-1.1993,0.50697,0.6008,-0.075263,-0.47764,-0.59917,-0.35383,-0.4392,0.3307,0.33266,-0.6021,1.2554,-0.97548,-0.17268,1.1899,0.68616,0.38479,0.48318,0.92889,0.94681,1.7646,0.59917,-0.63273
0.94714,0.28965,-0.73666,-0.19386,-0.43105,0.75361,-0.85689,-1.4003,-0.97939,0.77283,-0.44148,-0.37012,1.285,1.1566,-0.0081453,-0.40857,1.4056,0.88361,-1.301,-1.417,-0.1704,-0.85037,1.4085
-0.27727,0.80769,0.011078,0.75947,-1.0527,-0.71809,0.45353,0.34764,-0.063208,0.42714,-1.4078,-0.33298,-1.2576,-1.2615,-0.81225,-0.16714,-1.489,-0.82496,-0.062556,0.008797,0.43887,-0.77706,0.1805
1.3153,0.90641,0.9631,0.75361,-0.24631,1.1113,-0.3395,0.10426,-1.6366,-0.0035839,-0.36524,-0.82203,-0.42095,-0.21634,-1.5776,-0.0071679,1.038,-0.37859,0.63273,-1.0227,-0.51935,-0.80997,-0.52586
0.67639,-0.40336,-0.12576,-0.86471,-1.2065,-0.61644,-0.28997,-0.9618,0.24273,0.41802,0.32907,0.83962,-0.44636,-0.14075,-0.78097,-0.98037,-0.2121,-0.47341,-0.45255,0.41443,-1.2697,-0.462,0.19418
-0.54639,1.1596,-0.59037,0.91749,-0.43985,-0.072656,0.419,-0.89338,-1.1974,-0.93117,-0.90055,-0.97874,0.14238,-1.2124,0.14629,-0.56105,0.068421,-0.48286,-0.79205,-0.005213,-1.3388,-0.51511,-0.96636
-0.48155,0.10393,0.48742,-0.37501,-0.77087,-1.2368,-0.21243,-1.1557,-0.28639,-0.018246,-1.316,0.12967,-0.64381,-0.69659,-2.0647,-2.0129,0.1388,0.35123,-0.92368,-0.94681,0.11827,-0.34634,-1.0791
0.66824,-1.7164,-0.47341,-0.66108,-0.09807,0.79759,-1.1524,0.44017,-0.1818,0.05995,0.84386,-1.3495,-0.42388,0.11306,-0.64381,-0.53401,0.37469,0.36296,-0.24012,0.35253,0.7901,-0.13,0.48579
-0.46787,-0.1414,0.81486,-0.94258,-0.58451,-0.14401,0.50925,0.55649,0.079824,-0.89827,-0.80183,-0.02802,0.2284,-0.78521,-1.1446,-0.75817,0.4115,0.64641,-0.41965,-0.78684,0.3206,-0.88132,-0.58158
-0.36426,0.60797,1.691,-0.10524,-0.19712,0.57245,1.0749,-0.51088,-0.56529,-0.83213,-0.58255,-0.13,-0.22807,-0.96473,0.36752,-0.58842,0.38316,-0.88491,0.49263,-0.056366,-0.16877,-0.61025,-1.0745
0.51413,0.2196,0.85917,-0.98689,-1.1495,-0.48774,1.0319,1.2534,-0.61644,-0.96017,-1.3981,-1.0354,-0.65391,-1.0208,-1.242,-0.66108,0.26456,0.14238,-0.011729,-0.46852,-0.22742,-0.094812,-1.532
-1.0123,-0.92857,-0.82203,1.3521,-0.43007,0.69594,-0.62524,0.55486,-0.26749,0.32614,0.31408,-0.15867,-0.37371,0.22383,-0.48611,1.6496,-0.37827,-0.77967,-0.76077,-1.2922,-1.6812,-0.11469,1.2169
0.50599,-1.0429,-0.69691,1.5688,-0.28346,0.27205,-0.093508,-1.1377,-0.29291,1.2778,0.84158,0.72656,1.4766,0.19809,0.30692,0.54639,-0.80052,-1.3199,0.88589,0.18408,-0.95724,1.4091,1.1667
-0.89208,-0.044311,0.55095,-0.45288,-0.81812,-0.85298,-0.14303,-0.71321,-0.25218,0.25576,-0.56203,0.30789,-0.40401,0.10524,-0.22025,-0.31408,-1.126,0.45093,-0.14434,0.44539,-0.13847,-0.40075,-0.48481
-1.9379,-0.24729,0.085363,0.22253,-0.4923,-0.93704,1.0019,-2.0142,0.23524,0.48709,0.078521,0.86503,1.1781,0.56659,0.70148,-0.12055,-1.2078,-0.97158,0.28313,0.056366,1.2879,-0.11469,-0.41802
-1.1586,-0.9996,0.49687,0.63208,1.1136,0.56366,-1.5633,-1.0644,-0.48057,0.73894,0.6021,0.29519,1.4864,0.13912,-1.2449,0.50827,0.78814,-0.76664,1.0292,1.7871,1.1765,0.98689,0.89045
-0.74904,-0.46494,1.1449,-1.287,-1.3261,-0.24208,1.2674,0.93965,0.050827,-0.61579,-0.090576,1.0553,-1.1446,-1.374,-0.35481,-1.0556,-0.28997,-0.74546,-0.56789,-0.69561,-0.23817,-0.4897,-0.65488
2.3146,-0.25674,0.1199,1.6548,-1.0068,2.9776,-0.34829,-0.31995,-1.1625,1.9304,-0.41639,-1.5639,-1.126,0.47634,-0.90641,-0.20428,-1.7268,0.72852,-0.60308,-0.15606,-0.0035839,-0.63957,-0.42388
-0.63468,-0.49752,-1.2925,-1.8601,0.76566,0.95268,-3.5142,-2.4439,-0.71907,-0.98135,-0.75784,-1.7004,0.83082,0.10491,1.8516,-0.62067,-0.37371,1.8816,0.07005,0.01401,-0.31734,-0.69659,-0.092857
0.89077,0.092205,0.99112,-0.20754,-0.90348,-0.9517,0.50664,-0.88295,-1.013,-0.9429,-1.0674,1.6359,0.69822,-1.0009,-0.30757,-0.42975,0.51478,1.3544,-0.39065,-0.48351,0.52782,-1.7086,-0.58223
-0.47764,-0.84549,-0.047243,1.1798,0.74383,0.75686,0.027694,1.3173,0.023784,-0.83343,0.09416,-1.1996,-0.71711,-1.1478,0.13228,0.45321,0.5617,-0.45255,-0.0065163,-1.7946,-0.77055,-1.7327,-0.78423
1.5046,-0.41997,1.2286,0.55128,0.58418,-0.86047,1.7486,0.58712,-1.314,-0.42486,-0.28541,-0.68584,0.35253,-0.10882,-0.51804,-0.23491,-1.6714,-1.0475,-0.025739,-0.43887,-0.3307,0.15118,-0.11306
-0.5099,1.0775,0.0097744,-0.82007,-0.53857,-0.39358,0.332,-1.5936,-0.22188,-0.68714,0.22155,0.37338,-0.54541,0.44278,1.2541,0.20657,1.2058,0.068095,-1.3857,-0.72102,-0.4519,0.20038,-0.19125
0.11078,-0.57245,-0.0029323,-0.72331,-0.38511,-0.24469,-0.50143,-0.27238,-0.18702,0.19353,-0.53075,-1.0573,0.62719,0.95985,-0.016291,-0.11175,-0.081453,-1.0977,1.8464,3.1594,-1.315,0.29584,1.085
1.4437,-0.3193,1.2166,1.1762,0.3421,-1.1557,0.53661,0.20038,-0.16551,-0.76794,-1.1113,0.29779,-0.024436,0.4809,1.172,0.61318,-1.3629,-1.0074,0.8924,1.6763,1.922,0.52456,0.042356
-1.3616,-0.37208,-0.44864,1.0582,0.57669,-1.718,-1.9461,0.8709,-0.16454,-0.32516,0.95561,-1.3085,0.48416,0.18897,0.32875,-0.062882,1.3639,-0.18604,0.44897,-2.2247,-0.9921,0.42453,2.0725
-0.33852,-1.2254,-0.63957,-0.55584,0.23361,-2.5589,-0.84972,-0.80052,1.9888,-0.14108,-0.6917,-0.62361,0.19647,0.1212,0.35351,-0.94942,0.44799,-0.55128,0.1085,-1.3023,0.54248,-0.89045,-1.2303
-0.3522,0.63729,-1.0781,0.53075,0.62067,-0.82691,-0.45842,-0.22937,0.88295,0.22546,-0.48905,-0.61807,-0.6311,1.3143,0.043985,0.13195,0.42975,-0.2701,-0.50762,-0.57245,0.19418,0.25348,-1.0351
0.84711,-0.23361,0.064511,-0.88361,-0.62849,-1.4437,-0.7712,0.46559,0.71581,-0.40238,-0.12023,0.60406,-0.58483,0.99438,-0.23068,-0.25674,-1.2508,-0.6728,0.75133,1.0009,0.83441,0.51544,-0.15346
1.3059,1.3055,2.1035,0.37175,0.015313,0.85526,1.6398,0.3395,-1.1123,0.2903,-1.0752,-0.77902,-0.79173,-1.4052,-0.83636,-0.28965,-0.22351,0.7409,-0.41606,-0.37664,-0.49524,0.91651,-0.29128
0.56887,2.2931,1.892,2.6436,-0.75426,1.0615,2.2507,1.5163,0.26098,-2.7978,3.2787,0.90218,2.9607,-0.20331,1.0123,0.86666,-0.41737,-1.4368,1.6437,0.50273,0.12772,0.50957,-1.9337
0.67052,-0.51576,0.014987,-1.1879,-0.26814,-1.2192,-1.0143,0.44995,0.67411,0.75686,-0.67052,1.4502,-1.0107,-0.56496,-0.60699,-0.23296,1.4652,1.0123,-2.1188,-0.64283,-1.3469,-1.9774,-0.69822
-0.94779,0.40564,-0.99829,0.5617,0.18637,-0.30822,-0.29551,-0.3926,1.2042,-0.61285,-0.24664,-0.41378,0.035839,-0.43561,0.21048,-0.19418,1.4183,-0.06614,0.040727,0.32875,-0.48481,-0.78651,0.33298
-1.2166,0.058972,0.1414,-0.12088,-0.16356,-0.46168,-0.42388,-0.4695,0.26619,-0.592,0.22872,0.71483,0.2323,-1.0442,0.85037,-0.62393,1.096,0.74774,-0.66564,0.59852,0.3307,-0.62686,-0.059624
-0.96701,0.99373,2.5857,-0.57734,-0.72754,0.61285,2.0891,1.6652,-0.80508,0.0081453,-0.12544,-0.27792,-0.68649,-0.51902,-0.89696,-0.8722,-0.69007,0.41281,-0.52782,-0.13554,-0.63403,0.91488,-3.4494
-0.39749,-0.15053,-1.3912,-0.65749,-0.35514,0.84842,-0.36393,-1.8073,-0.23426,-0.58646,-0.5024,-0.29128,-1.1169,0.18408,0.87774,-0.46103,-0.49817,-0.93736,1.6441,1.832,-0.31213,-0.31148,1.1599
-0.51088,-0.063859,-0.15704,-0.77869,-0.54834,0.8533,-0.20819,-0.49067,1.0227,0.50175,0.09416,-0.63827,-0.34536,0.82072,-0.13358,0.52423,0.74416,-0.39,-0.71386,-1.0485,0.31115,0.077869,0.22742
2.6756,-1.1465,0.52391,0.94095,-1.1922,-1.5404,-0.25185,-1.3915,-0.62719,-0.47373,-0.39391,-0.62361,1.9086,0.21113,0.86178,-0.052782,1.2049,0.5314,-0.56626,-0.60569,-0.20917,1.7851,0.36426
0.66857,0.8797,-0.051153,0.99764,0.36035,-0.55975,-0.54052,0.24403,-0.20428,-0.38804,-0.4796,0.28346,0.3193,-0.75165,-0.98265,1.6105,-0.33754,0.41965,-0.50827,-0.23621,-0.37012,-1.2296,0.033885
0.90218,-0.32288,1.5137,0.95528,-0.39065,0.29291,0.71614,-0.69626,-0.2411,-0.44636,0.25544,0.79629,1.1742,0.13717,-0.0042356,0.21536,-0.89631,-1.1315,0.87644,-0.07624,0.70506,-1.4085,-0.5819
1.1254,0.95366,-1.4196,0.6627,0.19027,-0.077218,-0.66433,-1.2935,-1.4336,-0.68681,-1.1022,0.52619,-0.43724,1.4375,-0.039749,0.024762,0.098721,-0.78619,-1.4987,-0.92759,-1.0081,0.75784,0.043333
1.1547,1.3365,2.3957,-1.5717,-2.4394,0.71646,0.90153,0.97386,0.52358,3.7814,0.13326,2.2589,-1.8617,-0.62133,-0.19809,-0.5314,1.0859,0.39358,-0.7194,-1.7532,-0.60927,-0.17887,-2.3879
-0.95007,0.56594,1.5444,0.49458,-0.24827,0.49882,0.45484,0.56529,-0.091554,0.40694,-0.20982,0.73047,0.94746,-0.77478,-0.16682,-0.1199,0.16942,0.0078195,1.0898,-0.8608,0.9227,2.4602,-0.95887
-0.27499,0.11012,-0.26652,-0.00097744,-0.17398,-0.99894,0.051153,-0.02802,0.18017,-1.0162,-0.21667,0.34243,0.96343,1.7483,1.6186,1.0276,-0.71581,-0.10915,0.15118,-1.5059,1.6225,2.0409,-0.092857
0.14401,-0.82724,-1.2137,0.4822,0.5125,-1.3003,-0.68616,-0.13717,-0.9517,-0.6008,-0.73145,0.0042356,-0.41867,-0.65977,-0.99178,0.29519,-0.6803,-1.4912,-0.93476,-1.2648,-0.49426,-0.93932,0.12023
-0.38446,0.63664,0.14825,0.17561,-0.17105,-0.6399,0.18474,0.83734,0.25837,-0.47471,0.071353,-1.1358,0.50762,-1.3889,0.078847,0.041704,-0.51088,-1.1928,0.78847,0.61905,0.14434,0.081453,0.014987
0.3724,1.2052,0.91163,-0.80899,-0.37175,-0.58353,0.23035,-0.35774,0.4405,1.0758,-0.28443,0.13619,0.16519,0.31734,0.026717,-1.1214,0.89924,0.039749,0.59168,-0.097744,0.83245,0.44343,-0.64283
0.3307,1.0315,-0.23491,0.36035,-0.81421,0.84353,0.16551,0.31083,-0.063208,0.55649,0.23654,-0.31832,0.9719,0.62458,0.47764,-0.18897,-0.7005,0.80769,0.3597,0.91065,0.58223,-0.99731,-0.82463
-0.50012,-0.3926,-0.93802,-0.3004,0.12055,0.30235,-1.8461,-1.4893,2.3768,0.42682,-0.32646,-0.3219,1.4893,0.50045,0.26098,1.6483,-0.058972,-0.65293,1.5685,0.030301,-0.21536,2.166,1.1622
0.2196,-0.51739,1.2,0.462,-0.29551,-0.86503,1.4922,0.82952,1.212,0.17724,-0.57506,0.76045,2.4954,-0.83701,1.0921,-0.41672,-1.1283,0.74351,-0.8722,2.0526,-0.005213,-0.37501,-0.60764
1.8839,0.24599,0.60894,-0.19809,-1.0423,-0.81812,0.22416,-0.028672,-1.3306,-0.59754,-0.6917,0.25511,-0.15965,-1.0641,-0.84353,-0.31506,-0.10133,0.26847,0.14173,1.0198,0.17659,-0.41313,-0.59298
1.6643,-0.5718,-0.11762,1.055,0.79368,0.69594,-0.79922,1.0332,-1.471,-1.3968,0.53238,-2.3028,0.7523,0.081779,-1.0706,1.1488,-0.58581,-0.72102,0.46396,-1.3841,0.44832,0.74872,1.5209
-0.28118,-0.2499,-0.66466,-0.077218,-0.39391,-2.0575,-0.59884,-0.19125,1.1928,0.38772,-0.34308,-0.40075,-0.12935,0.50077,-0.19647,-0.79596,-0.1085,-0.85689,-0.55258,-0.56431,-0.42616,-1.0146,-0.36165
-2.2667,-0.54509,0.26423,0.42193,0.41639,0.29519,0.42225,-1.1667,0.54671,-0.94193,0.85298,-1.4987,0.64087,-1.0449,-1.3915,-0.011729,1.3306,-0.18506,0.48155,-0.29877,-0.90544,0.34927,0.90544
0.1994,-0.56985,0.057669,-0.83017,-1.0234,0.093183,-0.26749,0.28802,0.72265,-0.4809,-0.073308,0.22416,-0.60275,-0.34862,0.17366,0.56235,0.24534,-0.4001,0.51772,0.36947,0.02802,-0.68453,0.32418
-0.4203,-0.23426,-0.083082,-0.1287,-0.97255,1.1175,-1.1664,0.51869,0.14499,-0.23263,-0.14596,-0.91325,-0.69463,-0.48155,0.70734,-0.40499,0.3509,0.37371,1.2316,2.5071,-0.63012,-0.202,1.0719
-0.4304,1.1179,0.50045,-0.16649,-1.2146,-0.9706,0.74644,-0.1906,-0.5301,0.88817,-1.1019,-0.90772,-0.64283,0.95691,0.73438,-0.41965,0.31148,0.26195,-0.35839,-1.1886,1.4899,1.0915,-0.042356
-1.0094,-1.3482,-0.47699,0.13749,0.84255,0.10719,-0.86471,1.5007,0.5718,-0.17757,0.35905,-2.8483,1.3632,0.35286,1.4417,0.93476,-0.25022,0.29128,0.42258,-0.073634,-0.86862,2.1843,-0.60406
-0.51218,0.40564,-0.20298,1.4101,0.19842,-0.099047,-0.95985,-0.84646,-0.22253,-1.2081,-0.023133,1.4417,1.1407,0.95496,1.0488,1.1329,-0.66661,-2.24,-0.29421,-0.75849,0.9996,-0.32972,-0.51707
1.3,-0.23296,0.63696,0.026065,0.68225,0.95985,0.31278,0.52358,0.060601,-0.23556,-0.9416,-0.68616,-0.61937,0.56366,0.77706,-0.36328,0.49654,0.16682,-0.75458,-1.0543,0.16323,-0.71027,-0.42942
0.58809,0.11306,-1.6144,0.55356,-0.033559,0.89696,-0.46852,-0.072331,0.7901,1.1951,0.8494,-0.09807,1.6395,1.1149,1.0814,0.97809,-0.53727,-1.1931,-1.3433,0.026717,-0.060601,0.29356,0.51967
1.8741,-0.22872,-0.48676,0.27108,0.52521,0.44604,0.9934,0.41672,0.18278,0.73569,-0.47406,-0.76077,-1.4381,-1.2404,-0.18995,0.96538,-2.1947,-0.95137,-0.9416,0.42877,-0.94486,-0.6412,0.1287
-0.00097744,-0.58809,0.82463,-1.0051,-0.54118,-1.3352,0.00097744,-2.1406,0.54411,1.3287,0.82659,-0.43561,-0.6311,1.7532,0.1818,-0.57441,0.20722,-0.99178,-0.64283,-0.77576,-0.22807,0.72168,-0.82919
-1.1035,-1.0667,0.37729,-0.056692,-0.5327,-1.9432,-0.79075,-1.601,-1.1175,-0.78586,-1.0442,-0.24241,0.059624,0.51837,-1.6353,0.24241,1.2541,0.36621,-0.27629,-1.6799,-0.21048,-0.43105,-0.24599
-0.74155,-0.19549,0.44669,-0.32809,-0.46722,-0.60829,0.3913,0.44636,0.35579,-0.71288,-1.0882,-1.2326,-0.74025,-1.2329,-1.0201,-0.5516,-0.34406,-1.2241,0.27499,1.2883,-0.95463,-1.5828,0.037469
0.81681,-0.29616,-0.17985,0.5995,0.11045,-0.49817,-1.2058,-0.24241,-0.83995,-0.70701,-2.2074,-1.1912,-1.1746,-0.42258,-1.8695,-0.82985,0.77544,-0.54313,-1.475,-2.0047,0.79629,0.78521,0.47601
-0.16356,-0.43073,0.26195,-0.46722,-0.73829,0.44767,0.852,-0.75458,0.10296,-2.0324,0.36915,0.028997,0.39423,-0.76729,0.34927,0.14336,0.2323,0.77055,0.55747,-0.034536,-0.28313,-0.42193,-0.29258
0.22058,-0.15802,-1.1935,-0.75914,0.30398,-0.60699,0.17464,0.70571,-0.62133,-0.40596,-0.23915,-1.1804,-0.19353,-0.27531,0.28737,-0.072005,-0.41183,-0.14303,-0.71809,-0.29356,-0.085037,0.10622,0.044962
-0.25576,0.53433,-0.66433,-0.63208,-0.37501,0.81062,0.27596,-1.5245,1.3974,-0.32875,1.3932,1.5401,-0.60308,0.48676,1.7773,-1.3616,0.87448,0.1414,-0.42682,-0.51348,-1.2221,0.13195,-0.92792
-1.4961,-0.041052,-0.25381,0.51674,0.1502,-0.4607,0.22318,1.8057,-0.40433,0.31897,-1.4466,-1.5808,-0.098396,-1.5186,-0.033885,0.60047,-2.1406,-0.60992,-0.3913,0.59591,0.57734,-0.30464,0.13619
0.40499,0.043007,0.45386,-0.23035,-0.26717,-0.28606,0.71516,-0.56235,-0.38804,-0.41606,-0.12055,0.51869,-0.42095,-0.41769,-0.27662,-1.7001,0.68421,0.52098,0.34471,-0.020526,-0.24371,-1.4147,-0.56072
0.70734,0.11664,-0.23621,-0.014987,-0.4923,-1.4069,0.96832,-0.36589,-0.16388,0.68681,-0.75654,0.81877,-1.4671,-0.13326,-0.54639,-0.33461,-0.76501,-0.49621,0.090902,0.8002,0.61611,-1.4759,0.1515
-0.30464,-0.7321,0.76501,-1.0612,-0.16616,1.0162,-0.39326,0.75621,-1.0693,0.25413,0.36784,-0.68779,0.41248,-0.49556,-1.1677,-0.042356,0.86764,1.3042,-0.33331,0.15541,0.60504,-1.3909,-1.2528
0.56072,-0.96017,-0.84353,0.74025,-0.29291,0.1818,0.060601,1.4697,-1.0755,-1.0586,-1.068,-2.1859,1.1922,-0.29551,-0.055714,0.35188,1.5173,0.35416,-0.11957,1.8803,0.25251,0.44213,1.2534
-0.73764,-0.51609,-1.2671,0.82431,-0.022807,-0.82919,-1.735,-0.91097,1.1446,0.46428,-0.22351,-1.1612,-1.1508,1.8979,-0.084711,0.67671,-0.27466,0.0061905,-1.3339,0.48351,-1.3994,-0.48742,-0.56692
-0.17952,0.34764,0.19321,0.91879,-0.38348,-0.73112,-0.075914,-0.5705,-0.6109,-0.56366,1.5554,1.805,-0.15118,-1.5323,0.28574,-0.51544,0.62947,-0.074937,0.25316,0.90185,0.23198,0.87351,-0.2587
0.59884,0.48025,-0.85624,0.621,0.13977,-0.46396,0.3496,0.40336,-0.50534,-0.10133,-0.28509,-0.34178,-1.1472,-0.38935,0.6891,0.87742,-0.66824,-0.92792,2.1246,2.0526,0.68812,0.40368,1.3554
-0.93215,-0.032256,-0.34015,-1.0524,-0.18017,0.23361,-1.603,-1.2993,1.3068,0.19549,-0.83441,-1.1928,0.56366,-0.016942,-0.13717,-0.3724,0.67737,0.55388,-1.4606,-0.45093,-0.3219,-1.1531,-0.97451
-0.47047,0.35579,-0.49849,0.25022,-0.67346,-0.022807,-1.3609,-1.3844,0.65488,1.1915,0.55258,1.7727,0.90153,2.4951,0.63436,0.19549,0.55095,-1.6942,-0.26684,0.085363,0.018571,0.20428,0.98884
-0.24371,-0.074611,0.36263,-0.71483,-1.1547,1.1065,0.58614,-0.46461,0.46428,0.15965,1.4688,-0.80215,0.76403,0.39423,-0.71483,-0.71842,-0.43692,-0.52228,-0.2802,-0.064837,-0.60927,-0.86145,0.1111
2.2067,-0.19614,-0.46689,0.063859,-0.94095,-0.26,-0.39684,0.10328,0.025088,0.99731,0.25055,1.5281,0.70604,-0.84907,1.2801,0.50794,0.42421,0.93052,0.98135,1.3583,-0.28183,2.5674,1.0615
-0.41639,-0.30268,0.28215,0.78097,-0.30333,-0.5402,0.13065,1.0439,0.7725,0.027694,0.55844,-0.25446,1.2202,0.3597,0.94453,0.28411,0.56463,0.34113,1.3661,-0.65554,0.48481,1.7167,-0.15476
-0.85233,-0.30398,-0.20591,0.35872,-0.50697,-0.035188,0.19907,0.33494,0.13391,-0.79107,-0.58223,1.039,-0.033559,-0.9618,0.47373,0.19418,-0.015313,0.07624,0.41183,0.88328,0.64869,0.24306,-0.37599
0.98396,0.33722,-0.37078,0.75198,0.77055,1.66,-0.0058646,-0.4594,0.21439,2.0396,-1.2889,1.1752,-0.50175,0.17789,0.56854,0.089924,0.43496,1.4456,-1.3173,0.55616,0.68942,0.96962,-0.12153
1.2671,-0.07396,0.73666,-0.16095,-0.11892,0.055714,0.42258,0.94193,-0.16779,-1.053,0.41834,-1.1957,0.086992,0.13033,-0.065163,-0.52293,-0.21243,0.48155,0.33885,0.25348,-0.89175,-1.1889,0.044311
0.93932,1.7366,2.413,-0.4291,-0.52456,0.23589,2.1308,1.9047,-0.73666,0.1111,-0.47373,-0.80965,-0.13391,-0.045614,-0.053433,-0.53108,-0.0202,0.59884,1.0915,0.69007,0.14466,-0.79727,-2.9252
-0.80639,-0.83897,1.0393,-1.0345,0.11566,0.071679,0.77935,0.56985,-0.70506,-0.19125,-0.2613,0.6715,-1.4948,-0.33396,-0.3799,-0.88198,-0.58125,0.2108,-0.2903,-0.11892,-0.30105,0.37403,-0.81616
-0.46885,0.2499,1.0628,0.46885,0.32288,0.86894,0.31278,-0.60569,0.39423,-0.27173,-0.32158,0.99178,-0.59461,0.59917,-0.80183,0.4418,-0.33461,0.45842,-0.45516,-0.16063,0.70441,-1.4277,0.2903
0.45907,-0.67606,-0.44799,-0.0071679,0.049524,0.20396,-0.81975,1.5137,1.4082,-0.37925,-0.36426,-1.0524,-0.41411,-0.2398,1.0745,0.26554,-0.047895,-0.24143,0.93671,1.1922,-2.684,0.1906,1.5274
-0.46885,1.0853,1.4551,-0.024436,-0.61123,-0.71744,1.1824,-0.62719,-0.9227,-1.4613,-0.75165,0.034536,-0.064511,-0.58158,-0.87383,-1.1449,1.6098,0.67118,1.4548,0.95007,0.54085,0.49198,-1.3521
-0.036817,0.39293,0.79238,0.1212,1.1433,0.031278,1.3453,-0.91586,0.5112,-1.0191,1.4489,-0.84092,0.030301,0.23491,0.36524,0.82789,1.3619,0.7321,0.5024,-1.0543,-1.1553,1.4375,0.36328
-0.77348,0.66857,0.63729,0.1414,-0.1212,-0.54476,1.0882,-0.41672,-0.38707,-0.83604,-0.89305,0.13977,1.457,0.032581,-0.65358,-1.1267,-0.64511,-1.0253,-1.3974,-0.7901,0.090576,-0.44474,-1.6626
1.3511,-1.14,-2.7313,0.21536,1.4557,-0.36947,-0.83832,0.20591,-0.070376,-1.1342,-1.7187,-1.2801,-0.45125,-0.95137,-0.69985,0.41443,2.2729,0.37208,-1.7323,-0.84483,-0.79987,-0.62393,1.2508
0.39554,0.25772,0.87807,-0.16128,0.096441,0.30464,1.4391,0.24175,0.24762,0.46722,-0.28476,-0.62947,-0.53922,-0.8494,-0.27433,-0.52521,-1.575,-0.90609,-0.11534,-0.07005,-0.66629,1.43,-0.10361
-0.76501,1.2306,0.98852,-0.16682,0.10296,2.1175,0.66238,-0.23296,1.356,-0.012055,-0.21862,-0.5604,1.1472,-0.36393,-1.1078,0.41281,-1.1537,-0.33624,0.33722,0.10622,2.0637,-0.50371,-1.0159
0.31604,0.73015,-0.77055,-0.82887,-0.62556,-2.1051,0.84483,0.021178,0.42486,0.93997,-0.32646,-0.80248,-1.0566,0.6298,0.25772,-0.7018,-1.6212,-0.3597,-0.83376,0.33266,-0.3206,0.23426,0.094812
-0.97483,0.66661,2.1517,-0.65782,-1.1915,-0.33005,1.0133,0.38022,0.33103,-0.62621,0.26,0.15346,-0.42584,0.19842,-0.89045,-2.2002,0.59331,0.70245,-0.24241,0.50925,0.28802,1.0902,-1.1856
-0.023133,-0.18311,-1.0648,0.15248,0.13,-0.55291,0.053433,-0.62686,-0.70897,-1.4437,0.58907,0.45418,-0.20396,1.0833,-0.37012,0.014336,-0.69822,-0.012055,-0.0048872,-0.028997,-0.78977,-0.42682,1.6682
1.0547,-0.42649,0.61481,-0.92694,-0.33461,-0.83148,0.32125,-0.9429,-0.60699,-1.3593,0.6425,1.1315,0.63794,0.1098,-0.83799,-0.99438,0.22123,-0.1186,1.9115,1.5062,-2.2533,0.29779,0.81225
-0.37338,-0.8028,-1.1742,1.1879,1.1495,-0.02411,-0.7927,0.0202,-0.94551,-0.26521,1.0576,0.17659,-1.0889,0.73732,-0.6412,-0.35839,-0.75947,-0.96245,-0.29486,-1.0628,-0.58255,-1.3114,-0.24501
0.91716,-1.5326,0.35383,-0.46591,-0.55388,-1.6287,-0.98721,-0.0016291,-0.71549,0.62947,-0.071027,-0.05213,0.74318,-0.69789,-0.85298,-0.64935,-0.048872,0.8002,0.044962,0.76957,-2.468,0.68225,0.33754
-1.4078,-1.6656,-1.0371,1.3173,1.3362,-0.17561,-0.95757,1.7236,2.1044,0.39293,-0.13684,0.40596,-1.4521,0.45581,2.1989,0.93574,0.58581,-1.1244,2.4961,1.1553,0.22807,0.82724,1.9796
1.9871,0.5213,-0.54476,1.8089,0.97125,2.222,-0.93378,0.19125,0.11175,-1.0833,0.11175,-0.80737,0.13912,-1.2778,0.49752,0.19809,-1.3521,-0.73992,1.9243,1.1052,-1.9989,0.58516,1.9041
-0.73764,-0.51609,-1.2671,0.82431,-0.022807,-0.82919,-1.735,-0.91097,1.1446,0.46428,-0.22351,-1.1612,-1.1508,1.8979,-0.084711,0.67671,-0.27466,0.0061905,-1.3339,0.48351,-1.3994,-0.48742,-0.56692
0.13098,-0.93736,-0.94584,-0.51348,-0.37501,0.070376,-0.85624,-0.1199,0.40173,-0.26065,-0.49621,0.87709,-0.46722,0.79596,0.48188,0.023133,0.48546,-0.56203,-0.51869,-0.16388,0.43138,-0.18115,-0.21471
0.21862,-0.85005,0.32484,0.34113,-0.51446,-0.34667,-0.19321,-1.1706,-0.27596,-0.56366,0.79205,0.27662,1.3824,-0.64935,-0.0058646,-0.38772,1.5124,0.80541,-0.93345,-0.083408,-1.7444,0.66368,0.53238
-1.1322,-0.41867,-0.050175,-0.39032,0.1098,-0.60308,-0.15313,1.156,0.25185,-0.55616,-1.0002,-1.5264,0.066466,-0.44669,-0.71386,0.23328,0.28639,-1.3437,-0.10622,0.5389,0.41704,-0.19223,0.86862
2.0484,0.76143,1.0791,0.33331,0.79955,0.92987,1.186,0.36133,-0.17496,-0.88589,-0.7624,-0.27955,-0.0101,-0.55193,0.45418,-0.84679,-1.1566,0.3017,-0.86015,-0.077218,-0.13195,-0.46494,-0.78814
0.7497,-0.51088,0.027368,0.28932,0.067443,-0.082757,1.2283,-0.8722,0.18767,-0.044962,-0.034862,1.0853,-0.38739,-0.63403,-0.22514,-0.50762,-1.0547,-0.19288,0.45581,0.27433,0.025413,-1.3147,0.44017
-0.81356,-0.54248,-0.91847,1.5574,0.79075,-1.0996,-0.76175,1.0876,0.8595,-0.24599,0.82561,0.67052,0.81681,-0.80183,0.27824,0.87416,-0.65163,0.18213,1.1068,1.1302,0.15835,-0.95235,1.1726
1.9054,-2.0947,-0.75914,-0.19875,0.95724,-0.058646,-1.2198,0.49621,0.80899,0.057669,-1.0902,-1.7082,0.65358,-0.23817,3.335,-0.060275,-0.60699,-0.69235,-0.62198,-1.2303,-0.0078195,1.0553,0.44343
-0.88686,0.4796,0.61383,0.40303,0.50631,-0.83962,0.58614,-0.36589,0.8028,0.33559,-0.52651,-0.83148,0.40173,-0.46656,-0.57441,-0.289,-0.2789,-0.91847,0.21178,-0.70734,-0.53596,-1.2,-1.0824
-0.81649,-0.54378,0.19809,-0.74872,0.090576,0.69529,-1.1592,0.4695,0.64511,-0.41867,-0.18767,0.67476,-0.88849,-0.34504,0.79564,-1.6731,1.0478,0.87709,-0.46624,0.30594,-1.054,-2.6153,0.67737
1.4261,1.6724,2.006,0.24631,0.13195,1.3945,1.6186,0.18213,-0.5604,1.0045,-0.23393,0.4695,0.62556,-0.6412,-0.050175,0.51446,-0.16649,0.99569,1.2036,1.1469,1.7626,0.58027,-0.8709
0.29779,-1.9858,-1.6887,1.1827,0.79661,-1.2407,-2.1566,-0.34308,-0.4203,-0.20885,1.6317,1.0521,1.4319,0.56561,-0.02411,0.24762,0.38218,-1.2013,0.27564,-0.74513,0.69529,-1.0377,0.89371
0.4809,-0.66857,0.44669,0.69333,0.33005,1.1127,-0.36002,1.0253,-0.13391,-1.1651,-0.29682,-0.82789,-0.5907,0.24729,-0.99569,0.80932,-1.8454,-1.357,1.8614,2.5801,-1.5375,1.8796,0.33396
3.2314,1.616,0.070701,0.6715,0.3698,2.4566,0.39651,-0.3913,-1.5297,1.1948,0.86634,-2.1051,-0.82854,-0.02411,-0.64511,-0.18083,0.4493,-0.61644,-1.0058,-1.5936,0.68519,0.22253,-0.58288
-1.2267,-0.18571,-0.20396,0.063208,-1.3909,-0.65684,-0.91977,-0.55062,-0.36165,2.0184,-0.1199,2.6349,-0.3988,1.1374,0.65391,-0.62752,-0.21471,1.518,-0.84418,0.069072,0.30235,0.51935,0.096767
0.12739,0.29225,1.9836,-0.21634,-0.36002,0.67411,0.41769,1.878,-0.1616,-0.35937,-0.040075,-1.2505,0.16942,-0.46754,-0.68812,-0.44897,-0.86406,-0.44539,-0.1994,0.159,0.42519,0.39651,-0.7598
0.80411,0.56822,-0.95887,1.1948,-1.2329,0.24306,0.3395,-0.39032,1.9643,0.68812,1.2687,0.92564,-0.81193,-0.028672,1.7438,-0.69789,0.7018,0.65684,-0.80769,-0.6829,-0.25479,-0.70082,0.16193
0.60601,0.43724,2.1285,0.9504,0.5099,0.081127,0.19712,-0.16356,0.61676,0.8533,0.56366,1.4701,0.37012,-0.0032581,0.3698,1.4196,-0.28085,-0.17692,1.3902,-0.04822,2.1829,-0.18506,0.31604
-0.28574,0.26847,-0.21797,-0.7611,-0.49361,-0.85624,-0.58483,-0.72526,0.1111,-0.72005,-1.1218,0.60178,-0.28606,-0.70017,-0.98526,-2.2256,1.3453,-1.1485,-0.48383,0.14434,-0.40629,-1.7229,-1.4769
-0.96408,-0.94518,-0.22579,-1.0273,-0.080802,0.80346,0.44734,0.47569,1.0185,0.96604,-0.81616,-0.29095,-0.069724,-0.52358,-0.80834,0.026717,0.42714,-0.61872,-0.038772,-1.1068,0.10296,0.18995,1.5893
-0.32842,0.075263,1.702,-0.89762,-0.70571,-0.17985,-0.1792,-0.95854,0.46852,-0.53792,0.45353,-0.62817,-0.18311,0.58158,0.66727,0.60992,0.051478,-0.28574,1.1511,1.2615,-1.0573,0.82659,2.8199
-2.3201,-1.6949,-1.027,1.9027,2.6876,1.5867,-2.8789,0.14792,1.0048,1.0667,-0.24436,-1.2531,-0.20982,0.40857,0.57213,2.6147,0.66336,-1.7034,-0.0035839,0.026717,-0.69789,2.0591,0.98428
-0.41769,-0.01401,0.24175,-0.27466,-1.2622,-0.69072,0.54671,0.1098,-0.48807,-0.63859,0.66433,0.25316,-0.39293,-0.062882,-0.097418,-0.93834,0.87025,1.5939,0.10687,0.83278,0.23882,-0.87546,-1.2097
-0.99438,0.52749,-0.17073,0.030952,0.098396,0.34992,-1.1296,0.43626,0.97483,0.51772,-0.57506,-0.32875,-1.3176,-0.33233,0.11045,-0.24664,-0.38935,0.3118,0.70441,0.35351,-0.59233,0.044311,1.1322
0.39717,0.1085,0.88654,0.81551,-0.1199,-1.1892,1.2342,0.44017,-1.4192,-1.2013,-0.37664,1.0706,0.30235,-0.68877,0.13554,-0.72852,1.7806,0.40596,1.1283,-0.85102,-0.27922,0.0091228,-0.69105
-0.72982,-0.92303,0.60732,-0.61774,-0.11534,-0.96082,-0.63534,-1.1091,-0.65879,-0.73894,-0.047569,2.3051,-0.74188,0.40466,0.15378,0.32907,-1.7636,0.32516,0.28737,0.73862,-0.07624,1.2726,1.8379
-2.2618,-0.41639,0.11794,-0.55258,0.51869,0.35839,-0.66108,-0.2916,0.47406,-0.27336,-0.65,-0.98298,0.36361,0.58614,-0.42095,0.44506,-0.9429,0.27727,0.70017,0.19484,1.6978,0.20787,-0.36752
0.4998,0.09025,-0.35514,-0.01401,-0.57311,-1.1759,-0.84614,0.97451,-0.59233,1.2231,-0.3597,-0.13977,-0.54802,0.062882,-0.021504,-1.0237,-1.1462,-1.0889,1.0752,2.3517,-0.59884,1.0732,2.2755
0.013684,1.3955,-0.48057,0.97223,1.2443,0.30626,-1.2153,-0.39684,0.63794,1.6695,-0.72787,-0.83571,-0.49035,0.97809,-0.093183,0.50697,1.9076,0.48514,0.13619,-0.70376,0.5314,-0.55323,0.33005
-0.70376,-0.33494,0.91879,-0.92792,-0.66336,0.26489,-0.13586,-0.15215,0.026065,1.2961,1.3518,0.29877,-1.1325,0.15932,0.065488,-1.041,0.64935,1.7151,-0.65749,-0.034862,1.0455,0.80248,-2.2712
0.068095,0.56268,1.662,0.95431,-0.84158,0.15835,0.38413,0.33885,-0.73373,-0.22905,1.1127,-1.0364,-0.17007,-0.55128,-0.035188,0.032581,0.027694,0.1994,-0.01792,1.1928,0.59428,0.66987,-0.11566
0.023459,0.050175,-1.1254,-0.025413,0.37762,1.4583,-0.11078,0.65423,1.6757,-1.0283,-0.05604,0.011729,-0.69203,-0.33559,-0.52391,-0.50045,-1.7698,-0.40824,-1.8154,-1.2531,0.40433,-1.5209,-0.093834
-1.1045,-0.22937,0.75752,-0.16225,1.1798,-0.18017,0.34862,0.28672,-1.1742,-0.76762,1.0859,-0.089273,0.9416,-1.5854,0.13554,0.31376,1.1149,1.4215,0.45451,0.25967,-1.0204,-0.76859,-1.0172
-2.6029,-0.9328,-0.97744,0.41052,-0.34569,-1.37,-1.7679,-0.45744,0.92857,1.7069,-0.43463,-0.070376,-1.3609,0.050501,0.79368,-1.2485,0.37892,-0.47536,-0.57213,-0.15378,-0.86764,-0.51674,0.24697
-1.2045,-0.60862,0.014336,-0.25609,1.0993,0.0045614,-0.45484,0.47113,0.27629,0.89077,0.68453,0.86797,-0.077218,-0.76468,-0.4089,-0.13489,-0.93965,0.40075,-0.78488,0.18897,-0.54867,-1.0292,-0.055388
-0.82105,0.92335,0.1098,0.30985,-0.28802,-0.6829,1.1364,-1.6147,-0.1818,-0.12576,-0.72591,1.5659,0.26032,-1.1517,-0.74546,-0.89012,0.56301,-0.15378,0.4594,1.3323,0.040075,-1.1052,-0.4216
-0.37208,0.91032,0.7927,-0.32256,0.0061905,-0.5604,0.89827,0.39749,0.14531,0.95789,-0.79336,0.47862,-0.78293,-0.56268,-1.4202,0.13521,-0.86731,-0.51348,0.69268,-0.038772,1.6245,0.7826,-1.2228
1.4186,-0.91879,0.028997,0.71874,1.9161,-0.071679,-0.64576,-0.42942,0.80183,0.0202,0.45516,0.33591,0.028672,0.11273,-1.0605,0.82235,-1.371,0.044636,0.12576,0.36035,-1.1113,1.8839,0.68649
1.7903,0.9517,0.29258,1.8738,-0.18799,1.487,2.2999,0.17724,-0.2398,0.31506,-0.11338,0.20559,1.4724,0.070376,0.4796,0.88263,-1.0986,-0.52749,-1.6072,0.65847,0.054737,-0.17268,-0.7699
-0.9807,-0.016942,0.32744,-0.37469,0.23035,0.73145,-0.14499,-0.3421,-0.081779,-0.62556,-0.042682,1.0328,-0.99308,-1.0706,-0.39228,-1.475,0.072005,0.31441,0.35123,0.96017,-1.2355,0.40564,-1.5558
1.6418,0.66955,-0.020526,0.092205,-0.21145,0.96506,0.2323,0.84907,-0.78847,0.54248,-1.8555,0.37175,-0.97711,-0.12642,0.20689,-0.24338,0.10002,-0.25251,0.073308,-0.37403,-0.27629,-1.4821,0.13261
0.028997,0.95528,0.90609,-0.32418,-0.96897,-0.60504,0.6627,-0.13228,-0.77153,0.070701,0.13358,1.1693,0.24534,-0.11534,-1.3401,-1.0667,-0.39228,0.17333,-0.55747,-0.29519,0.17366,-1.6089,-0.97418
0.12576,3.2721,1.7705,1.459,-0.5604,1.5551,3.5683,-0.28313,-1.8764,0.2196,-1.8425,0.025413,0.79596,-0.81975,-1.0921,0.027042,-0.44115,0.9934,-1.9634,-0.42486,0.9113,-1.0182,-2.644
-0.71255,0.0013033,-0.3799,-0.34438,-0.61253,-1.4381,-0.082431,-0.45712,1.4036,1.9705,-0.42616,-0.25935,0.21895,0.34276,0.86569,-0.64478,-1.068,0.56268,-0.14629,-1.1026,-0.19809,-0.27336,0.34015
-1.3919,0.16845,-0.59722,-0.83995,-0.50306,-0.74155,-0.47666,-1.0755,-1.4828,-1.3296,1.2322,-0.36784,0.67997,-0.11697,-0.62654,-0.1616,-0.23263,-0.20331,0.36165,0.90511,-2.3006,-0.27694,0.33233
0.46624,0.50827,-1.0231,0.35188,1.733,-0.70669,1.1478,1.1315,0.56268,1.37,0.49165,-0.62328,0.079824,0.29486,-0.96604,0.67932,0.98819,-0.41248,1.4196,0.19516,-2.0028,0.58353,0.063859
-0.2385,0.332,1.227,-0.74742,-1.3228,0.099699,1.1123,-0.20005,-0.6399,-0.14694,0.87155,0.0101,-0.040727,-1.0755,-1.2505,-0.52098,-0.75784,0.064185,-1.2189,-0.88132,-0.8305,-1.2247,0.027368
-0.26749,-0.68584,-1.5027,-0.03812,0.25511,-0.43854,-1.0218,-0.11403,1.7952,-0.09807,-0.1489,0.43822,-0.68942,-0.020526,0.60634,-1.1922,0.52228,-1.1814,-1.0459,-1.5466,-1.0113,0.1994,0.10622
-0.37306,-1.2009,0.78195,-0.65717,0.061253,0.59037,0.36719,1.0377,1.6121,2.6928,-0.49915,-1.5176,-0.45712,-0.78977,-0.063208,1.3117,-0.32809,0.65032,-1.5183,-0.59591,-1.241,0.23915,0.41574
0.62426,-0.1792,-0.63794,-0.58418,0.64837,-0.40596,-1.1537,-0.5806,0.078847,-0.91586,-0.9517,0.31017,-0.2007,1.0149,-0.33037,0.95496,0.24501,0.092531,-0.05604,0.1805,-2.6844,-0.61546,1.0042
-0.32451,-0.70832,-0.45646,0.1818,1.4818,-0.9833,0.24273,-0.064185,-0.7497,-0.75263,-1.0266,0.64316,-0.49719,-0.44669,-1.3124,-1.0253,-1.3746,0.38381,-0.13489,-0.54215,-0.14108,-0.80541,0.55877
-0.9618,0.51446,1.1351,-0.78586,-0.64413,-1.3143,0.37338,0.21276,-0.051478,-0.026717,0.2222,0.38674,0.64511,-0.76957,0.073634,0.37729,0.23621,0.85363,-1.8809,-1.2303,-0.14466,0.3623,-0.64772
-0.25804,-0.11794,1.5861,-0.86992,-0.2209,-0.56952,0.44995,0.85168,0.010426,-0.30398,-1.4926,0.15541,-0.86243,-0.77153,-0.86992,-0.54183,-0.48188,-0.029975,0.66205,0.92694,0.39814,-0.9921,-0.30333
-2.1406,-2.4713,-1.215,0.55356,1.7545,-0.74807,-2.5299,0.51804,2.2654,2.1354,1.1407,-1.1006,-0.94486,0.81844,1.5411,0.82268,-1.3329,-0.13586,-0.015313,2.3807,0.58353,-0.55616,1.5642
0.5428,0.16454,0.7093,-1.6017,-0.20428,-0.86145,-0.17626,0.56333,0.74937,0.61285,-0.27108,-0.97451,0.22709,0.23361,-1.7082,-0.1489,-0.87253,0.30496,1.0576,1.1462,0.029649,-0.78945,0.15997
-0.74448,-0.65358,0.8028,0.14303,0.0071679,1.5936,0.7396,1.3612,-0.51641,-1.2322,-0.91228,1.3261,-1.473,0.23198,0.45255,0.43463,0.68616,0.2108,0.13782,-0.53792,0.91228,0.99112,0.051478
0.79759,-1.3811,-1.416,-0.1691,0.42682,3.0724,-1.3687,1.0292,1.6946,-0.73503,0.75524,1.7483,0.15704,1.2355,0.93932,1.703,0.63338,0.39032,-1.0488,-0.60992,1.0739,1.4811,1.6483
-0.47634,-0.68714,-0.50664,1.8519,1.2589,0.77869,0.27531,0.84516,0.16225,-1.2736,0.12023,-0.56203,1.5515,-0.43333,-0.27271,-0.35742,-1.2215,-1.3437,2.2159,0.53108,0.39489,-0.79238,1.5131
-0.90934,0.76175,-0.2007,0.69561,1.6613,0.43692,0.5591,0.81095,-1.2625,-1.2583,-0.66466,-0.33689,0.43529,-0.63436,-1.2677,-1.242,1.2726,1.6457,-0.07624,1.2495,-1.1778,-0.66042,0.67509
-0.64413,-0.74644,0.26977,1.027,1.4082,-0.82203,-0.44311,-0.61318,0.8419,-0.019223,0.24631,-0.92335,0.049849,1.3606,0.13619,-0.61905,0.065163,0.63892,0.013358,1.9096,-0.48676,0.92792,-0.6904
0.5389,-0.50501,-1.0651,0.67867,0.9605,0.35351,0.10817,-0.43561,-0.71646,-2.0008,-0.16258,-2.8017,0.28802,-1.3694,-1.344,-0.38088,0.72591,-0.59233,-1.7066,-0.59722,-1.3427,-0.29975,0.44083
-0.036817,-0.021829,0.60666,0.17496,-0.069724,0.067769,1.1012,-0.4291,-0.23459,0.31376,1.2101,0.24338,1.7284,-0.52391,-0.023133,-0.70539,-1.487,-1.3772,-0.028997,0.96538,-1.0625,1.4831,1.0791
0.24371,0.79955,-0.082431,0.30561,0.4708,-0.088621,0.15606,1.1879,1.082,-1.2514,-0.52977,0.33787,-0.39098,-0.24631,0.36263,-0.38316,0.59819,1.4707,-0.63045,-1.1156,0.91195,-0.64218,-0.6311
1.2984,1.1778,1.6564,0.22774,0.98917,1.0641,1.4873,-0.7207,-0.36198,-1.0938,-0.64022,-0.34797,-1.5062,-1.0794,1.0371,0.011078,2.6739,2.1285,1.2391,0.83213,0.19809,-0.61579,-0.29486
0.98102,-0.069398,-1.143,-0.98168,0.40075,-0.361,-0.24241,0.26228,-0.46591,1.1873,1.7978,1.2029,0.64218,2.0096,-1.8369,-0.44832,-0.38641,-0.092205,-0.14564,0.79955,0.50664,1.8193,0.15053
0.96669,0.2209,0.37469,-0.32386,0.88328,3.0134,1.4043,1.8751,-1.5502,-0.14662,-0.013358,0.39163,0.31311,-1.3697,-1.0319,0.59363,1.1957,-0.21601,-0.14596,1.1208,-1.445,-0.16584,-0.88947
0.13163,0.4822,0.86601,0.27238,-0.037794,1.0973,1.0846,0.35807,0.020526,-1.8861,0.78163,-0.28313,-0.23524,-0.70506,0.0094486,-0.751,1.3303,2.0647,-0.016616,-0.83017,-0.0097744,-0.91554,-1.1071
0.80183,-1.8086,-0.68486,-0.87904,1.6691,-1.3498,-0.7813,-0.20624,1.2576,0.47243,-1.8184,0.37403,-0.47634,0.25218,0.17692,0.89566,2.0731,2.4351,1.9334,0.83864,-0.90087,0.041052,0.28313
-0.94551,-0.88198,0.35742,-0.014336,0.19875,0.55486,0.20396,0.88426,0.37925,-1.7428,2.0103,0.75361,0.60243,-0.42747,-1.1755,-1.5404,-0.87513,1.3228,1.0227,0.6917,-0.75556,-1.3323,-0.82822
-0.46689,-0.12511,-0.72982,-0.28346,0.33135,0.46331,-0.26391,0.67085,0.50175,-0.7119,-0.77153,0.64935,0.076566,1.1566,0.26261,0.26586,-0.011729,-0.67248,0.91195,1.0143,1.3019,0.24925,1.6994
-0.33591,-0.3825,-0.22546,-0.87057,0.3206,-0.36198,-0.92857,-0.61253,0.41443,-1.1289,-1.7975,0.33624,-0.72689,-0.15704,-0.76045,0.55128,-0.77315,-2.0341,-0.50077,0.013684,-2.8802,-1.4753,0.038772
-0.30235,-0.1401,-0.74839,-0.40303,0.7422,-0.55714,-0.31571,-0.17138,0.065163,0.25381,0.016616,1.0191,-1.4505,0.23133,-0.8406,-0.80541,0.16486,-0.42844,-0.68095,-0.96701,-0.60862,-0.11729,-0.26619
0.14108,0.23165,-0.53661,0.8419,-0.14108,0.73047,0.16486,-1.3368,1.8311,1.6558,-0.39586,1.7418,0.20135,-0.10654,0.98461,0.050827,0.66727,0.39293,-2.2954,-2.0402,0.58321,-0.40922,-1.3013
0.10556,-0.5125,-1.7037,0.81258,1.3837,0.85721,-0.060601,1.0472,-0.20103,-0.52912,-0.96799,-0.46526,-0.092531,-0.14955,-0.68616,1.3704,0.27629,-0.14694,0.46265,-0.37078,-0.41443,-0.0081453,1.1384
-0.21797,-0.060275,-0.40922,-0.39293,0.076892,-1.7366,1.0201,0.052456,0.30431,0.17529,-1.3469,0.054737,0.2789,-0.93248,0.0084711,-0.37273,-0.89371,-0.79466,-0.56952,1.1811,-1.069,-1.1218,0.17333
-0.39717,0.31865,0.37729,0.4506,-0.47438,1.7574,0.056692,-0.35546,0.36459,0.23915,-0.15802,0.93052,-0.17398,0.064185,0.62328,0.37729,-0.46461,0.90413,0.58223,0.049524,1.1609,-1.1622,-1.85
0.12479,-1.4316,-0.30496,-0.19549,-0.101,-0.27499,0.45679,0.56463,-0.67248,0.67052,-0.91651,-1.1472,-0.47895,-0.70832,0.20005,-0.086666,-0.28085,0.31767,0.29258,0.056692,0.43952,0.16421,0.80997
0.4594,0.77609,1.5502,0.26554,0.15346,1.128,1.7014,1.3727,-0.39391,0.037794,-0.98265,-0.028346,-0.71679,-0.31897,0.42225,-0.5314,1.6763,1.1563,-0.044962,-0.77837,1.3088,1.4381,-1.1498
0.34276,1.2905,-0.23426,0.56496,0.8696,1.7402,-0.95854,0.41541,-0.14922,0.61807,-0.32288,-2.0129,-0.30268,-1.2775,-1.0579,-0.27108,-0.95431,-1.0661,-0.3799,0.89631,0.061905,-0.46819,-0.64967
0.44115,-1.171,-0.21699,1.286,-0.12967,1.3902,-0.44017,0.87318,0.93574,1.9806,0.014662,-0.48774,0.12251,-0.46298,2.7574,0.86047,-0.1994,-0.49165,0.0045614,0.46298,0.27205,0.47536,0.42942
0.37078,0.69072,2.5681,2.3999,1.4652,0.17073,3.7218,2.2546,-0.97255,-1.661,-0.36198,-0.23491,-0.60732,-1.547,-1.1413,1.0071,-2.9636,-0.38837,1.1566,0.71972,0.98819,0.19223,-0.25544
-0.97288,-0.94714,0.22416,-0.33852,-0.72884,0.34015,0.22677,-1.1938,0.81421,0.24436,0.72526,1.0696,-0.015639,0.87253,0.71581,-0.66205,-1.5747,-0.88361,-1.2938,-1.5147,0.85005,0.038446,0.40173
1.0755,-0.081453,0.20917,-0.52586,0.29323,0.45809,0.6614,-0.33624,-0.38576,-0.18148,-0.13228,-0.69431,-0.5024,-0.78977,-0.7308,-0.51804,0.079498,0.29519,-1.4264,-1.2084,0.32646,-0.59526,-0.31962
0.3206,-0.29649,-0.53433,0.18702,-0.027368,-1.359,-0.32256,-0.14173,-0.24599,-0.91749,-1.1504,-0.040727,-0.68975,0.31865,-0.49817,0.43529,-0.28378,-0.49687,1.0231,0.43724,0.49849,0.27727,0.99243
-0.091554,0.15476,0.85721,-0.15215,-0.6008,0.78684,1.9689,-0.56366,-1.2179,0.58777,0.095463,-0.093834,0.086666,-0.58972,-1.0726,0.1893,-0.37078,0.078521,-0.62263,-0.46689,-0.44734,-0.48448,-0.58516
-0.51153,-0.49784,-2.5475,-0.11078,-0.011729,0.15769,-0.67737,0.40075,-0.66303,1.1931,1.3365,-0.71321,1.7871,0.88621,1.6867,0.44734,-0.081127,-0.28118,-0.71223,-0.2499,0.29844,-0.2323,0.4594
1.5434,0.052782,-0.75458,0.72396,2.3579,-0.61155,-0.23784,0.96473,0.10784,-0.34406,-0.93052,-0.63794,0.72884,0.31474,0.037794,-0.026391,0.56757,-1.4789,-0.99699,-0.099047,-0.70506,-0.17985,-0.67997
0.40759,1.0325,0.0013033,0.029323,0.69952,0.34113,-0.011078,0.42616,1.399,2.9597,1.0534,0.23784,1.0579,0.82952,1.3775,-0.34341,-1.0491,-1.7294,0.85265,-1.1837,0.22383,0.58744,-0.48905
-0.86406,0.81486,0.27662,-0.34699,-0.43301,-0.28639,0.38967,-0.5402,0.16486,0.13065,-0.2815,-0.27824,0.014336,-0.16388,0.2486,-1.0025,-0.39326,-0.21829,0.96441,-0.21829,-0.29975,-1.1456,1.0335
-0.34601,0.11175,-1.1211,0.24566,0.30561,0.41281,-1.8327,0.40727,0.45288,0.80769,0.051478,-0.78782,-1.0475,0.77772,-0.92433,0.68551,-1.1377,-0.35677,-0.80997,-1.4655,-0.84907,-0.90381,0.6614
-0.36589,0.014987,0.32321,-0.57734,-0.62165,-0.98005,1.1534,-0.76338,0.081779,1.0188,0.94779,1.6828,0.20331,-0.89338,-0.86666,-1.2736,0.09025,-0.332,-0.81747,0.43887,0.50794,-0.19158,-0.63696
0.55453,-0.22677,-1.084,0.075914,0.37045,-0.0074937,-0.081779,-0.069724,0.50338,-0.19712,-0.23556,-0.29616,1.1596,0.047243,0.60145,0.50762,1.8666,-0.79922,-0.15118,-1.804,0.59591,-0.27173,0.21308
0.19679,-0.027694,-0.066792,-0.18865,-0.43398,2.1119,0.60145,-0.47308,0.46037,-0.50273,1.5375,-0.81877,-1.0762,0.43594,-0.66564,1.2857,0.13521,0.22514,-0.57441,-1.1416,0.89729,-0.1502,0.9605
-0.56692,-1.0661,-1.053,1.1964,1.3606,0.70571,-1.9757,0.27108,0.6096,-1.1983,0.89012,-1.486,-0.31571,0.12185,-0.24697,0.044636,-1.5626,-0.94127,-0.36263,-1.0459,1.7991,0.36752,1.7372
0.99145,-0.39717,0.70115,0.33787,0.021178,1.082,-1.2097,-0.40824,-0.43757,0.021504,-1.1358,0.25022,1.8741,1.8509,0.58777,0.63077,1.3039,0.081453,0.76305,1.2765,1.2905,0.72787,-0.44734
-0.52749,-0.42844,-1.849,-0.64413,1.0726,-0.84614,-0.021178,-0.41932,1.0439,-0.38022,-1.2788,-1.0889,-1.1042,-0.26195,-0.03193,-0.54997,0.13521,-1.8086,-0.24762,-0.3421,0.74676,0.73666,0.22514
0.021829,-0.42486,-2.2426,-1.8646,0.67052,1.7483,-0.54606,-1.4746,2.367,4.0502,-0.66596,-1.3446,0.29877,1.5812,0.83343,0.80867,-0.091879,-1.2153,-0.058646,-0.76436,0.56268,0.099699,-0.71581
0.76957,0.43887,0.12381,0.73015,-0.47341,2.0621,0.0081453,-0.53987,1.7535,0.13847,-0.017594,-0.42095,0.11403,0.3004,0.56301,0.21439,0.60862,-0.7497,0.11925,-0.18474,-0.76045,1.5642,1.3391
0.13586,0.23784,-1.8379,0.33526,2.2638,0.54965,0.33526,1.763,-0.013684,-0.55193,-1.0651,0.1906,-1.3371,-1.0397,1.5734,0.90544,-0.18571,0.80606,1.2016,1.8219,-0.56626,0.99601,0.40824
0.23524,-0.33233,-0.98005,0.12642,0.60666,0.89566,-0.9416,0.73601,0.73569,3.1962,-0.42095,0.67443,-0.54671,0.73471,0.3522,0.89924,0.69529,0.60634,-0.42551,-1.0631,-0.13945,-0.65879,0.39456
-0.98428,-0.66824,0.81616,0.044962,-0.21439,-0.08015,0.25837,0.37827,0.27499,0.10068,-0.18865,-1.3248,-0.48644,0.097092,-0.13261,0.54313,0.18767,-0.51707,-0.2222,-0.34471,-0.52847,-0.62491,-0.58451
-0.88556,0.48807,-0.23556,0.31571,-0.52065,-0.22644,0.88067,-0.47145,0.15053,-0.89892,-0.64837,1.0462,0.50664,-0.083734,0.025739,-0.25707,-1.5587,-0.25967,-0.63631,-0.39945,0.14596,0.23817,-1.1104
0.82952,0.78782,0.18083,-1.4505,-0.94779,-0.28118,-0.16421,-0.70213,-0.70376,-0.1805,0.2991,0.36426,0.97809,-0.020526,0.017594,-2.2882,-0.25544,0.02802,-0.32712,1.6903,0.1906,-0.18376,-0.17496
-0.30073,0.1792,1.3977,-1.0094,-1.2247,0.35872,-0.50338,-0.59722,1.2485,1.0719,-1.0511,-0.10817,-1.6271,0.83408,0.098721,-1.4007,0.048546,-0.19321,0.8305,-0.6614,1.012,0.99601,0.32418
1.0934,-0.047243,-1.4222,0.30822,1.327,2.4664,-0.72689,0.53336,2.3201,-1.5818,-0.2196,1.6379,-0.093834,0.48123,0.38348,0.4796,0.13391,0.89859,1.3652,0.6197,-2.2103,0.0065163,0.87025
0.91944,-0.77804,-0.87644,-0.65586,-0.33591,0.32581,0.051153,0.41509,-0.54313,-0.56952,-1.0361,-1.0667,1.3443,-0.2222,-0.42421,-0.44636,-0.91456,0.18539,-1.0107,-0.93899,-0.9214,0.4721,1.3974
1.7705,-0.7308,0.82398,-1.5404,1.9239,-0.88654,-0.70082,1.1788,-0.50762,-1.5919,0.92531,1.6724,0.98168,0.71353,0.22449,0.97614,0.053108,0.17496,-0.25218,1.993,0.19418,0.80965,2.5091
0.74839,-0.11338,0.79824,0.13163,-0.90804,0.43138,0.13195,0.34634,0.066466,-0.062556,-0.57539,1.5444,-0.11566,-0.16095,-0.51478,-0.59135,0.27727,-0.21829,0.12283,0.49556,0.30496,-1.3195,-1.675
0.47406,0.86308,0.8709,0.55747,-0.38348,0.50925,-0.13489,0.65847,-0.046591,-0.58874,-1.2257,1.501,-0.1717,0.50175,1.6121,0.21862,-0.048546,-0.59493,0.58646,0.68942,0.1414,0.81453,-0.45614
-0.89208,-1.7438,-0.4291,-0.65423,-0.54541,-0.1212,-0.84549,-0.36589,1.806,1.5303,0.2512,-0.84027,1.5049,0.61546,1.085,-0.20494,-0.047895,-0.62035,1.6626,0.16845,-2.0168,1.6401,2.0956
-1.545,-1.589,-0.59591,-1.5193,-0.53336,-0.5806,0.56463,-0.28411,0.71809,-0.70213,0.26423,1.0117,-0.13912,1.2668,-0.13,0.25088,0.14401,0.56887,-0.80248,-0.49002,0.96897,1.0374,0.11632
-0.0016291,1.9845,0.23621,-0.31571,0.48416,1.4359,1.4737,0.82268,-1.2218,0.18669,-0.6223,0.42877,-0.82235,-0.25088,-0.84777,-0.24697,0.65586,1.3749,-0.57506,0.36068,0.58418,-1.27,-2.6642
-0.66433,-0.23133,-1.228,0.30073,0.69724,0.49947,-0.24306,1.5359,0.9921,-0.0026065,-0.40759,-1.6004,-0.52489,-0.51804,-0.68975,-0.56594,0.68551,-1.168,-1.4238,-1.7952,-1.2879,-0.55453,-0.43268
1.3648,-0.19158,-0.39326,-0.94909,-0.39195,-0.5705,0.15183,-0.28053,-0.23296,0.21927,-0.66987,0.26195,-0.055062,-0.060601,0.92335,-0.82659,-0.87676,0.13261,-0.088621,0.39195,0.30529,-0.0061905,1.2873
-0.40824,-1.6626,-0.3711,-0.82398,-2.4882,0.28997,-1.2055,0.29486,0.0045614,-0.86894,2.1885,2.1452,2.0543,0.73112,1.1869,0.36882,0.90478,0.20428,0.035514,-0.92303,0.35839,0.58907,0.17757
-0.99829,-1.4284,1.4681,0.18734,0.088621,0.11241,1.1436,-0.7497,-0.3887,-1.0762,-0.49947,-0.62915,0.061253,-0.24501,-0.12935,-0.35644,0.73601,1.1853,0.39391,-0.30952,0.04822,0.012707,-0.39489
-0.6122,0.23947,0.3522,0.072331,-0.060601,1.4274,-0.46917,0.72168,0.44376,0.6197,0.022481,-1.4179,-0.70701,0.33591,0.0045614,0.031604,0.41867,0.41313,-0.88817,0.26098,-0.68812,-0.18408,0.40336
-0.37306,-0.65488,-0.41085,0.29225,-0.11762,-0.83115,0.90153,-0.41997,-0.46168,-0.31571,-1.7982,-0.35839,-0.28541,0.097418,-0.89859,-1.2019,-0.0101,0.64609,-1.445,0.029975,0.69822,0.56561,-0.52554
-1.7633,-0.7321,-0.23133,-0.9618,-0.2714,0.38609,0.3825,0.60634,0.081779,0.72722,-0.18832,-0.59656,0.026717,-0.73601,-1.5294,-1.1612,0.80997,0.15215,-0.34047,0.053433,0.43105,0.041704,-0.10198
1.9226,1.1876,2.0572,-0.43757,-1.1355,-0.6197,0.82691,0.6425,-1.3912,-0.26228,-0.79336,1.3876,0.25022,-0.57995,-1.0338,-0.48025,1.5362,1.183,1.502,0.45712,0.69235,-0.56333,-2.2038
-1.2782,0.60536,-0.28215,0.57539,-0.16975,-0.98559,-0.60047,0.013684,2.5107,1.4877,-0.97516,-0.43138,-1.6431,0.5024,0.77413,-1.5225,-0.0048872,-0.40042,1.2495,0.15248,-0.41346,-0.12804,0.80117
2.1452,-1.0442,-0.60992,0.84288,0.11469,0.34373,-1.01,-0.14857,0.62686,0.23491,1.1003,0.6992,2.0699,1.1293,0.6324,-1.6594,-1.9552,-1.3736,0.21308,-1.5134,1.1514,2.5912,-0.21699
-0.69887,-0.47895,-0.92987,-0.079498,-0.72298,-0.10459,-0.9113,-0.94649,-1.4502,-0.38316,-0.56496,-1.4606,-0.47308,0.40596,-0.71223,0.15313,1.1983,1.3792,0.5705,0.9706,1.6369,-0.47732,0.55388
0.30659,0.63208,1.7776,-0.48676,-0.42649,-0.75556,1.0455,0.65912,0.20787,0.079498,-0.41215,-0.61285,-0.018897,-0.21276,-0.47276,-0.10426,1.9363,1.0736,0.64413,0.34145,0.20266,-0.76273,-1.3906
0.85754,1.3098,0.15183,0.5099,-0.45549,-0.43887,0.63762,-0.77153,-0.14825,0.46885,0.56822,0.63371,-1.1482,0.13228,-0.23296,-0.51381,0.26228,0.77935,-0.1401,0.85917,0.38772,-0.45158,-0.74188
1.1348,0.55291,1.7672,-0.63045,-0.40336,-0.50175,1.3182,-0.047569,-1.4046,-0.99992,0.15932,-0.17007,-0.36524,-1.0019,-1.3218,-0.3092,-0.011078,0.27271,0.51153,-0.48937,-1.2003,0.12511,-0.45223
1.2065,0.057017,0.75295,0.48807,0.462,1.3889,1.3267,-0.16225,-0.77674,0.42486,1.2883,1.3795,0.65521,-1.3192,-1.1693,-0.0013033,0.85168,2.7157,0.41118,0.50143,0.14694,0.73047,0.8002
0.80248,0.26358,0.47732,-0.10133,-0.12837,0.16551,0.93899,-0.25251,-0.58027,-0.16975,0.11241,1.1671,-0.74025,-0.83017,-0.52554,0.22253,-1.024,-0.54509,-0.1906,-1.8966,0.93508,-0.92205,-0.78749
0.20233,-0.56496,-1.0025,0.36849,-0.44734,0.11827,-0.93117,-1.5101,0.13326,-0.90609,-0.1085,0.70376,-0.84744,0.51478,-0.52586,-0.86731,1.3127,0.43007,-0.035514,-0.33591,0.88686,-0.42779,-0.03193
-0.59884,0.37306,-1.0667,0.42714,0.53205,-0.63045,-0.18539,-0.39717,-0.18506,0.95268,-0.29975,-0.28834,0.25804,0.87188,0.17822,0.049198,1.8884,1.1273,1.1182,-0.24892,1.2951,1.4512,-0.84614
0.37697,-0.66531,-0.10719,0.27173,-0.51283,0.48742,0.16421,-0.85559,0.92661,1.6975,0.66173,-0.53433,-0.55519,-0.25674,-0.2688,1.3482,-0.46852,-0.50827,0.75784,2.9981,0.052456,1.2733,0.83408
-0.18376,2.0008,1.0257,-0.23915,-0.43854,0.84646,1.2756,0.8621,-2.194,-0.048872,1.8428,0.50794,0.79303,-0.51772,-1.0889,0.61872,0.49556,1.5724,-0.00097744,0.751,1.6822,0.31832,-1.429
1.8799,0.34536,0.19027,0.31343,-0.13782,-0.24566,0.27238,0.63371,-1.4368,-1.2964,-1.3935,0.34406,0.74057,-0.42551,-0.59722,0.043333,0.49849,-0.21797,0.21373,0.18474,0.75752,0.090902,-0.31474
-0.27336,-1.1286,-0.1919,-0.47927,-1.5238,-0.78195,-0.45549,-0.6425,-0.73927,-1.4932,2.5609,0.22155,-0.19679,1.358,-0.35937,-1.1612,-0.34862,1.3433,-0.60601,-0.8204,0.67378,-0.43985,0.084711
-0.20754,-0.58581,1.8509,0.49849,-0.56626,-0.25446,1.0605,-0.55388,-0.17985,-1.0351,-0.70604,-0.43757,0.25967,-0.90934,-0.46917,-0.055062,1.2844,0.1805,0.18962,1.5092,0.23915,0.35872,-1.4724
0.24925,1.2387,0.052456,-0.60927,0.022481,1.1117,0.44083,1.2498,0.29454,1.4368,0.19907,-1.2013,0.15737,-0.65814,-0.11697,0.81258,-1.3889,-1.3166,0.91782,0.075589,0.21601,-0.76794,-0.48318
0.42714,-0.56431,-0.8331,-0.20885,-0.47406,0.76534,-0.92303,0.59428,0.56594,1.6561,-0.19972,0.29454,-0.22611,-0.15118,0.49817,1.1651,-0.059624,-0.82659,-1.3443,-0.96636,0.81095,1.7099,0.48057
1.2355,-0.34895,-0.21471,0.90446,2.1272,3.8703,-1.0462,1.1048,2.9092,1.8285,-1.3769,0.47145,-1.4274,0.21829,2.7407,0.9126,0.88523,-0.76077,0.57571,2.0572,1.7434,0.61123,0.44897
0.079173,-0.71092,-0.86992,0.33037,0.31343,0.033233,-0.69007,-0.96897,-0.29877,1.2365,-0.43692,0.28085,0.55649,0.49654,-0.067769,0.42942,-0.76794,-1.1791,0.16421,1.7623,-0.24012,0.5415,1.7464
-0.30203,0.99634,1.604,-0.48611,0.53661,-0.29812,1.4372,0.7598,-0.60471,-0.45809,-0.74123,1.3479,0.48448,-1.1208,-1.4365,-0.52358,-0.78423,-0.40987,0.057669,1.2817,-0.95137,0.51935,-1.6887
-0.58744,-0.08015,-0.722,1.3977,0.51478,-0.71451,-0.036165,-0.11501,-0.99112,-0.30301,-1.1237,-1.1693,0.18506,-0.78163,-1.2912,0.005213,1.3293,0.12935,-0.62491,0.95268,0.055062,-0.60601,-0.09807
-0.36198,1.5818,0.12772,0.75882,0.032581,2.078,-0.52977,0.59722,-0.2613,0.17203,-0.42975,0.71972,-0.93997,1.0537,-1.0172,-0.33494,-0.18604,2.152,0.54965,0.19712,0.85884,-0.14531,-0.15639
-0.43594,-0.55649,-0.29258,-0.62491,0.78195,0.87025,0.36589,0.26489,-0.50664,-0.52293,-0.80899,-1.6965,-1.2049,-0.66466,-1.76,-0.2196,0.31506,-1.2817,-0.81942,0.35383,-1.4306,-0.52717,-0.084386
-0.30203,-0.96017,-0.56626,-0.8823,0.62849,-0.42193,0.36035,0.1085,0.42421,-0.014987,-0.81356,1.3492,0.99666,0.66694,-0.075914,-0.56789,-1.3107,-0.32581,0.82691,-0.048546,0.73732,-0.332,0.34015
0.39945,0.50501,0.76566,0.64804,-0.60797,-0.21601,0.11501,0.41248,-0.9504,0.85102,-0.75947,-1.6232,0.86569,1.7024,1.1068,0.95594,-0.23687,0.69789,-0.39717,0.084711,1.3541,2.0142,-0.093834
2.4837,1.6043,0.96147,-0.28639,-0.32516,0.38381,1.1377,-0.5428,-0.78586,-0.42975,0.12251,1.0172,0.062882,0.33135,-0.73438,0.1085,0.3294,0.51804,-0.76338,-0.32223,-0.25022,0.76403,-0.33917
-2.0226,-0.15997,-0.013358,0.095789,1.01,0.23068,-0.22481,0.5024,0.69496,-1.0263,1.5678,-0.51739,0.60243,0.071353,-0.40466,0.46526,-2.6622,-0.98396,0.5213,0.056692,1.5049,1.0742,-0.39912
-0.49328,-0.80867,-1.1531,-0.79564,-0.20885,-0.23393,-0.83343,-0.72982,0.14955,-0.50045,0.014336,1.5906,0.21829,0.083734,-0.30724,-0.78065,0.31799,0.76631,1.1364,0.38446,-0.98526,0.62524,1.6841
0.31865,-0.26391,-1.8408,0.43073,0.59233,-0.73438,-1.5189,-0.024762,0.74839,0.68812,-0.53857,0.7295,-0.30952,-0.48416,-0.64316,-0.42291,1.154,0.28476,-1.748,-0.50892,-1.3811,-3.2806,0.042682
